Block ID,Trip ID,Block/Trip,Trip Stage,Load ID,Facility Sequence,Load Execution Status,Transit Operator Type,Driver Name,Equipment Type,Trailer ID,Tractor Vehicle ID,Estimate Distance,Unit,Rate Type,Estimated Cost,Currency,Truck Filter,Operator ID,Shipper Account,Sub Carrier,CR_ID,Port Appointment Date,Port Appointment Time,Port Pin Code,Spot Work,Contract Type,Contract ID,Stop 1,Stop 1 UTC Offset,Stop 1 Planned Arrival Date,Stop 1 Planned Arrival Time,Stop 1  Actual Arrival Date,Stop 1  Actual Arrival Time,Stop 1  Planned Departure Date,Stop 1  Planned Departure Time,Stop 1 Actual Departure Date,Stop 1 Actual Departure Time,Stop 1 Container ID,Stop 2,Stop 2 UTC Offset,Stop 2 Planned Arrival Date,Stop 2 Planned Arrival Time,Stop 2  Actual Arrival Date,Stop 2  Actual Arrival Time,Stop 2  Planned Departure Date,Stop 2  Planned Departure Time,Stop 2 Actual Departure Date,Stop 2 Actual Departure Time,Stop 2 Container ID
,T-114QMDZHH,Trip,Upcoming,1162BG9QT,OMA2->SBD1-TOTE,Not Started,Single Driver,,53' Container,,,215.69,mi,PER_TRIP,233.67,USD,,FTIM_MKC_Solo1_Tractor_6_d1,TransfersTote,AZNU,,,,,No,,,OMA2,-6,11/07/2025,08:39,,,11/07/2025,09:24,,,,BNSF-LOGPARKAN-TOT,-6,11/07/2025,13:40,,,11/07/2025,14:11,,,
B-Q5B44Z199,T-112MMM5LX,Trip,Upcoming,113MLGBMX,MKC40->MKC6,Not Started,Single Driver,Haydee Contreras De Ramirez,53' Trailer,,,1.83,mi,PER_TRIP,986.43,USD,,FTIM_MKC_Solo2_Tractor_6_d1,StemLegBobTail,AZNG,,,,,Yes,,,MKC40,-6,11/07/2025,11:45,,,11/07/2025,11:46,,,,MKC6,-6,11/07/2025,12:00,,,11/07/2025,12:01,,,
B-Q5B44Z199,T-112MMM5LX,Trip,Upcoming,1157FFJM9,MKC6->SMF3-TOTE,Not Started,Single Driver,Haydee Contreras De Ramirez,53' Container,,,35.11,mi,PER_TRIP,,,,FTIM_MKC_Solo2_Tractor_6_d1,TransfersTote,AZNU,,,,,Yes,,,MKC6,-6,11/07/2025,12:01,,,11/07/2025,12:46,,,,BNSF-LOGPARKAN-TOT,-6,11/07/2025,13:46,,,11/07/2025,14:17,,,
B-Q5B44Z199,T-112MMM5LX,Trip,Upcoming,115NHF2NV,BNSF-LOGPARKAN-CS->FOE1,Not Started,Single Driver,Haydee Contreras De Ramirez,53' Container,,,36.46,mi,PER_TRIP,,,,FTIM_MKC_Solo2_Tractor_6_d1,ATSLTLNationalInbound,AZNU,AZNU214495 PU#602481,,,,Yes,,,BNSF-LOGPARKAN-CS,-6,11/07/2025,13:47,,,11/07/2025,13:48,,,,FOE1,-6,11/07/2025,14:48,,,11/07/2025,14:49,,,
B-Q5B44Z199,T-112MMM5LX,Trip,Upcoming,1165JPPQB,BNSF-LOGPARKAN-TOT->MKC4,Cancelled,Single Driver,Haydee Contreras De Ramirez,53' Trailer,,,2.62,mi,PER_TRIP,,,,FTIM_MKC_Solo2_Tractor_6_d1,BobtailMovementAnnotation,AZNG,,,,,Yes,,,BNSF-LOGPARKAN-TOT,-6,11/07/2025,13:47,,,11/07/2025,14:18,,,,MKC4,-6,11/07/2025,14:48,,,11/07/2025,15:19,,,
B-Q5B44Z199,T-112MMM5LX,Trip,Upcoming,1135P8GYK,FOE1->MKC4,Not Started,Single Driver,Haydee Contreras De Ramirez,53' Container,,,34.19,mi,PER_TRIP,,,,FTIM_MKC_Solo2_Tractor_6_d1,BobtailMovementAnnotation,AZNG,,,,,Yes,,,FOE1,-6,11/07/2025,14:48,,,11/07/2025,15:19,,,,MKC4,-6,11/07/2025,15:30,,,11/07/2025,16:30,,,
B-Q5B44Z199,T-112MMM5LX,Trip,Upcoming,111FZYMLQ,MKC4->DSM9-CART-B,Not Started,Single Driver,Haydee Contreras De Ramirez,53' Trailer,SV2603370,,242.84,mi,PER_TRIP,,,,FTIM_MKC_Solo2_Tractor_6_d1,OutboundAmazonManaged,AZNG,,,,,Yes,,,MKC4,-6,11/07/2025,15:30,,,11/07/2025,16:15,,,,DSM9,-6,11/07/2025,20:47,,,11/07/2025,21:18,,,
B-Q5B44Z199,T-112MMM5LX,Trip,Upcoming,1148RBLCV,DSM9->DOM2-CYC1,Not Started,Single Driver,Haydee Contreras De Ramirez,53' Trailer,,,160.84,mi,PER_TRIP,,,,FTIM_MKC_Solo2_Tractor_6_d1,OutboundAMZL,AZNG,,,,,Yes,,,DSM9,-6,11/07/2025,21:00,,,11/07/2025,21:45,,,,DOM2,-6,11/08/2025,00:50,,,11/08/2025,01:21,,,
B-Q5B44Z199,T-112MMM5LX,Trip,Upcoming,113WW72BS,DOM2->OMA2,Not Started,Single Driver,Haydee Contreras De Ramirez,53' Trailer,,,2.11,mi,PER_TRIP,,,,FTIM_MKC_Solo2_Tractor_6_d1,FleetManagementEquipmentRepositioning,AZNG,,,,,Yes,,,DOM2,-6,11/08/2025,00:51,,,11/08/2025,01:22,,,,OMA2,-6,11/08/2025,12:02,,,11/08/2025,12:33,,,
B-Q5B44Z199,T-112MMM5LX,Trip,Upcoming,112QGJNVD,OMA2->VNE1-RUSH-CART-5,Not Started,Single Driver,Haydee Contreras De Ramirez,53' Trailer,,,19.35,mi,PER_TRIP,,,,FTIM_MKC_Solo2_Tractor_6_d1,OutboundSSD,AZNG,,,,,Yes,,,OMA2,-6,11/08/2025,12:15,,,11/08/2025,13:00,,,,VNE1,-6,11/08/2025,13:30,,,11/08/2025,14:45,,,
B-Q5B44Z199,T-112MMM5LX,Trip,Upcoming,116PQW245,VNE1->OMA2,Not Started,Single Driver,Haydee Contreras De Ramirez,53' Trailer,,,19.91,mi,PER_TRIP,,,,FTIM_MKC_Solo2_Tractor_6_d1,FleetManagementEquipmentRepositioning,AZNG,,,,,Yes,,,VNE1,-6,11/08/2025,14:15,,,11/08/2025,14:46,,,,OMA2,-6,11/08/2025,15:27,,,11/08/2025,15:58,,,
B-Q5B44Z199,T-112MMM5LX,Trip,Upcoming,111B7HCF4,OMA2->MCI5-NIT,Not Started,Single Driver,Haydee Contreras De Ramirez,53' Trailer,,,199.26,mi,PER_TRIP,,,,FTIM_MKC_Solo2_Tractor_6_d1,OutboundAmazonManaged,AZNG,,,,,Yes,,,OMA2,-6,11/08/2025,16:15,,,11/08/2025,17:00,,,,MCI5,-6,11/08/2025,20:59,,,11/08/2025,21:30,,,
B-Q5B44Z199,T-112MMM5LX,Trip,Upcoming,1114TKBGP,MCI5->DLI3-CYC1,Not Started,Single Driver,Haydee Contreras De Ramirez,53' Trailer,,,24.98,mi,PER_TRIP,,,,FTIM_MKC_Solo2_Tractor_6_d1,OutboundAMZL,AZNG,,,,,Yes,,,MCI5,-6,11/08/2025,21:45,,,11/08/2025,22:30,,,,DLI3,-6,11/08/2025,23:08,,,11/08/2025,23:39,,,
B-Q5B44Z199,T-112MMM5LX,Trip,Upcoming,11698CFZ3,DLI3->MKC6,Not Started,Single Driver,Haydee Contreras De Ramirez,53' Trailer,,,9.67,mi,PER_TRIP,,,,FTIM_MKC_Solo2_Tractor_6_d1,TransfersEmptyCarts,AZNG,RRO-rro_run/rro_run-1762499753,,,,Yes,,,DLI3,-6,11/08/2025,23:09,,,11/08/2025,23:40,,,,MKC6,-6,11/09/2025,00:03,,,11/09/2025,00:34,,,
B-Q5B44Z199,T-112MMM5LX,Trip,Upcoming,115MM23YZ,MKC6->MKC40,Not Started,Single Driver,Haydee Contreras De Ramirez,53' Trailer,,,1.69,mi,PER_TRIP,,,,FTIM_MKC_Solo2_Tractor_6_d1,StemLegBobTail,AZNG,,,,,Yes,,,MKC6,-6,11/09/2025,00:04,,,11/09/2025,00:05,,,,MKC40,-6,11/09/2025,00:23,,,11/09/2025,00:24,,,
B-60XPGDFLS,T-1123V6B5V,Trip,Upcoming,114DVB2S6,MKC40->MCI5,Not Started,Single Driver,Mathew William Ivy,53' Trailer,,,15.05,mi,PER_TRIP,986.43,USD,,FTIM_MKC_Solo2_Tractor_5_d2,StemLegBobTail,AZNG,,,,,No,,,MKC40,-6,11/07/2025,16:20,,,11/07/2025,16:21,,,,MCI5,-6,11/07/2025,16:42,,,11/07/2025,16:43,,,
B-60XPGDFLS,T-1123V6B5V,Trip,Upcoming,11133GS9B,MCI5->FOE1,Not Started,Single Driver,Mathew William Ivy,53' Trailer,,,17.64,mi,PER_TRIP,,,,FTIM_MKC_Solo2_Tractor_5_d2,TrailerPoolAdjustment,AZNG,TRO TPA-rome_lite_run/rome_lite_run-1762526719,,,,No,,,MCI5,-6,11/07/2025,16:43,,,11/07/2025,17:14,,,,FOE1,-6,11/07/2025,17:44,,,11/07/2025,18:15,,,
B-60XPGDFLS,T-1123V6B5V,Trip,Upcoming,11233GKPN,FOE1->IGQ9-DAY,Not Started,Single Driver,Mathew William Ivy,53' Trailer,V505990,,479.04,mi,PER_TRIP,,,,FTIM_MKC_Solo2_Tractor_5_d2,OutboundAmazonManaged,AZNG,,,,,No,,,FOE1,-6,11/07/2025,17:45,,,11/07/2025,18:30,,,,IGQ9,-6,11/08/2025,04:12,,,11/08/2025,04:43,,,
B-60XPGDFLS,T-1123V6B5V,Trip,Upcoming,112C5N35H,IGQ9->JVL1,Not Started,Single Driver,Mathew William Ivy,53' Trailer,,,63.31,mi,PER_TRIP,,,,FTIM_MKC_Solo2_Tractor_5_d2,FleetManagementEquipmentRepositioning,AZNG,,,,,No,,,IGQ9,-6,11/08/2025,04:13,,,11/08/2025,04:44,,,,JVL1,-6,11/08/2025,16:32,,,11/08/2025,17:03,,,
B-60XPGDFLS,T-1123V6B5V,Trip,Upcoming,1156RT1L6,JVL1->MCI5-CART-B,Not Started,Single Driver,Mathew William Ivy,53' Trailer,,,527.23,mi,PER_TRIP,,,,FTIM_MKC_Solo2_Tractor_5_d2,OutboundAmazonManaged,AZNG,,,,,No,,,JVL1,-6,11/08/2025,16:45,,,11/08/2025,17:30,,,,MCI5,-6,11/09/2025,03:05,,,11/09/2025,03:36,,,
B-60XPGDFLS,T-1123V6B5V,Trip,Upcoming,116VY74MV,MCI5->MKC40,Not Started,Single Driver,Mathew William Ivy,53' Trailer,,,14.92,mi,PER_TRIP,,,,FTIM_MKC_Solo2_Tractor_5_d2,StemLegBobTail,AZNG,,,,,No,,,MCI5,-6,11/09/2025,03:06,,,11/09/2025,03:07,,,,MKC40,-6,11/09/2025,03:27,,,11/09/2025,03:28,,,
B-55DH8DGHK,T-1112DZP41,Trip,Upcoming,116HGB1KY,MKC40->MCI5,Not Started,Single Driver,ABSHIR HIRED,53' Trailer,,,15.05,mi,PER_TRIP,986.43,USD,,FTIM_MKC_Solo2_Tractor_7_d2,StemLegBobTail,AZNG,,,,,No,,,MKC40,-6,11/07/2025,16:45,,,11/07/2025,16:46,,,,MCI5,-6,11/07/2025,17:07,,,11/07/2025,17:08,,,
B-55DH8DGHK,T-1112DZP41,Trip,Upcoming,1148XFLN1,MCI5->DMC3,Not Started,Single Driver,ABSHIR HIRED,53' Trailer,,,13.91,mi,PER_TRIP,,,,FTIM_MKC_Solo2_Tractor_7_d2,BobtailMovementAnnotation,AZNG,PROACTIVE_DELIVERY_STATION_BT_SOLVE,,,,No,,,MCI5,-6,11/07/2025,17:08,,,11/07/2025,17:39,,,,DMC3,-6,11/07/2025,18:09,,,11/07/2025,18:40,,,
B-55DH8DGHK,T-1112DZP41,Trip,Upcoming,116WK2295,DMC3->MKC4,Not Started,Single Driver,ABSHIR HIRED,53' Trailer,,,24.43,mi,PER_TRIP,,,,FTIM_MKC_Solo2_Tractor_7_d2,TransfersEmptyCarts,AZNG,RRO TEC-rro_run/rro_run-1762478153,,,,No,,,DMC3,-6,11/07/2025,18:10,,,11/07/2025,18:41,,,,MKC4,-6,11/07/2025,19:25,,,11/07/2025,20:25,,,
B-55DH8DGHK,T-1112DZP41,Trip,Upcoming,115ZG2KC2,MKC4->DSM9-CART-B,Not Started,Single Driver,ABSHIR HIRED,53' Trailer,HV2302368,,242.84,mi,PER_TRIP,,,,FTIM_MKC_Solo2_Tractor_7_d2,OutboundAmazonManaged,AZNG,,,,,No,,,MKC4,-6,11/07/2025,19:55,,,11/07/2025,20:40,,,,DSM9,-6,11/08/2025,01:16,,,11/08/2025,01:47,,,
B-55DH8DGHK,T-1112DZP41,Trip,Upcoming,115GYTYCL,DSM9->DOM3-CYC1,Not Started,Single Driver,ABSHIR HIRED,53' Trailer,,,148.96,mi,PER_TRIP,,,,FTIM_MKC_Solo2_Tractor_7_d2,OutboundAMZL,AZNG,,,,,No,,,DSM9,-6,11/08/2025,01:30,,,11/08/2025,02:15,,,,DOM3,-6,11/08/2025,05:01,,,11/08/2025,05:32,,,
B-55DH8DGHK,T-1112DZP41,Trip,Upcoming,115JCL69F,DOM3->OMA2,Not Started,Single Driver,ABSHIR HIRED,53' Trailer,,,19.54,mi,PER_TRIP,,,,FTIM_MKC_Solo2_Tractor_7_d2,TransfersEmptyCarts,AZNG,RRO-rro_run/rro_run-1762521351,,,,No,,,DOM3,-6,11/08/2025,05:02,,,11/08/2025,05:33,,,,OMA2,-6,11/08/2025,06:03,,,11/08/2025,06:34,,,
B-55DH8DGHK,T-1112DZP41,Trip,Upcoming,116G4NB23,OMA2->VNE1-RUSH-CART-1,Not Started,Single Driver,ABSHIR HIRED,53' Trailer,,,19.35,mi,PER_TRIP,,,,FTIM_MKC_Solo2_Tractor_7_d2,OutboundSSD,AZNG,,,,,No,,,OMA2,-6,11/08/2025,17:00,,,11/08/2025,17:45,,,,VNE1,-6,11/08/2025,18:15,,,11/08/2025,19:30,,,
B-55DH8DGHK,T-1112DZP41,Trip,Upcoming,111CJQVWB,VNE1->OMA2,Not Started,Single Driver,ABSHIR HIRED,53' Trailer,,,19.91,mi,PER_TRIP,,,,FTIM_MKC_Solo2_Tractor_7_d2,FleetManagementEquipmentRepositioning,AZNG,,,,,No,,,VNE1,-6,11/08/2025,19:00,,,11/08/2025,19:31,,,,OMA2,-6,11/08/2025,20:12,,,11/08/2025,20:43,,,
B-55DH8DGHK,T-1112DZP41,Trip,Upcoming,111T9T157,OMA2->VNE1-RUSH-CART-1,Not Started,Single Driver,ABSHIR HIRED,53' Trailer,,,19.35,mi,PER_TRIP,,,,FTIM_MKC_Solo2_Tractor_7_d2,OutboundSSD,AZNG,,,,,No,,,OMA2,-6,11/08/2025,20:15,,,11/08/2025,21:00,,,,VNE1,-6,11/08/2025,21:31,,,11/08/2025,22:46,,,
B-55DH8DGHK,T-1112DZP41,Trip,Upcoming,115TDCLD9,VNE1->OMA2,Not Started,Single Driver,ABSHIR HIRED,53' Trailer,,,19.91,mi,PER_TRIP,,,,FTIM_MKC_Solo2_Tractor_7_d2,TransfersEmptyCarts,AZNG,RRO-rro_run/rro_run-1762510552,,,,No,,,VNE1,-6,11/08/2025,22:16,,,11/08/2025,22:47,,,,OMA2,-6,11/08/2025,23:28,,,11/08/2025,23:59,,,
B-55DH8DGHK,T-1112DZP41,Trip,Upcoming,116G55JMS,OMA2->MCI5-CART-B,Not Started,Single Driver,ABSHIR HIRED,53' Trailer,,,199.26,mi,PER_TRIP,,,,FTIM_MKC_Solo2_Tractor_7_d2,OutboundAmazonManaged,AZNG,,,,,No,,,OMA2,-6,11/08/2025,23:30,,,11/09/2025,00:15,,,,MCI5,-6,11/09/2025,04:12,,,11/09/2025,04:43,,,
B-55DH8DGHK,T-1112DZP41,Trip,Upcoming,111DGTP2Y,MCI5->MKC40,Not Started,Single Driver,ABSHIR HIRED,53' Trailer,,,14.92,mi,PER_TRIP,,,,FTIM_MKC_Solo2_Tractor_7_d2,StemLegBobTail,AZNG,,,,,No,,,MCI5,-6,11/09/2025,04:13,,,11/09/2025,04:14,,,,MKC40,-6,11/09/2025,04:34,,,11/09/2025,04:35,,,
B-DF05PKP4T,T-115WC79W1,Trip,Upcoming,11524LQ3V,MKC40->MCI5,Not Started,Single Driver,Raymond Jacinto Beeks,53' Trailer,,,15.05,mi,PER_TRIP,495.17,USD,,FTIM_MKC_Solo1_Tractor_1_d2,StemLegBobTail,AZNG,,,,,No,,,MKC40,-6,11/07/2025,17:37,,,11/07/2025,17:38,,,,MCI5,-6,11/07/2025,17:59,,,11/07/2025,18:00,,,
B-DF05PKP4T,T-115WC79W1,Trip,Upcoming,1156H45JT,MCI5->WMO2-CYC1,Not Started,Single Driver,Raymond Jacinto Beeks,53' Trailer,GV2200595,,172.09,mi,PER_TRIP,,,,FTIM_MKC_Solo1_Tractor_1_d2,OutboundRSRParcel,AZNG,,,,,No,,,MCI5,-6,11/07/2025,18:00,,,11/07/2025,18:45,,,,WMO2,-6,11/07/2025,22:11,,,11/07/2025,22:42,,,
B-DF05PKP4T,T-115WC79W1,Trip,Upcoming,113M194YZ,WMO2->STL3,Not Started,Single Driver,Raymond Jacinto Beeks,53' Trailer,,,20.00,mi,PER_TRIP,,,,FTIM_MKC_Solo1_Tractor_1_d2,FleetManagementEquipmentRepositioning,AZNG,,,,,No,,,WMO2,-6,11/07/2025,22:12,,,11/07/2025,22:43,,,,STL3,-6,11/07/2025,23:13,,,11/07/2025,23:44,,,
B-DF05PKP4T,T-115WC79W1,Trip,Upcoming,1162V1RSK,STL3->MCI9-DAY,Not Started,Single Driver,Raymond Jacinto Beeks,53' Trailer,,,183.80,mi,PER_TRIP,,,,FTIM_MKC_Solo1_Tractor_1_d2,OutboundAmazonManaged,AZNG,,,,,No,,,STL3,-6,11/07/2025,23:45,,,11/08/2025,00:30,,,,MCI9,-6,11/08/2025,04:08,,,11/08/2025,04:39,,,
B-DF05PKP4T,T-115WC79W1,Trip,Upcoming,114T5V88Y,MCI9->MCI5,Not Started,Single Driver,Raymond Jacinto Beeks,53' Trailer,,,37.25,mi,PER_TRIP,,,,FTIM_MKC_Solo1_Tractor_1_d2,FleetManagementEquipmentRepositioning,AZNG,,,,,No,,,MCI9,-6,11/08/2025,04:09,,,11/08/2025,04:40,,,,MCI5,-6,11/08/2025,05:30,,,11/08/2025,06:01,,,
B-DF05PKP4T,T-115WC79W1,Trip,Upcoming,1118XC5F5,MCI5->MKC40,Not Started,Single Driver,Raymond Jacinto Beeks,53' Trailer,,,14.92,mi,PER_TRIP,,,,FTIM_MKC_Solo1_Tractor_1_d2,StemLegBobTail,AZNG,,,,,No,,,MCI5,-6,11/08/2025,05:31,,,11/08/2025,05:32,,,,MKC40,-6,11/08/2025,05:52,,,11/08/2025,05:53,,,
B-Z081Q48HQ,T-113HRX9NF,Trip,Upcoming,111N6X9SQ,MKC40->MKC6,Not Started,Single Driver,COURTNEY TYLAND SMITH,53' Trailer,,,1.83,mi,PER_TRIP,495.17,USD,,FTIM_MKC_Solo1_Tractor_4_d2,StemLegBobTail,AZNG,,,,,No,,,MKC40,-6,11/07/2025,18:31,,,11/07/2025,18:32,,,,MKC6,-6,11/07/2025,18:46,,,11/07/2025,18:47,,,
B-Z081Q48HQ,T-113HRX9NF,Trip,Upcoming,112NDX24H,MKC6->MCI9,Not Started,Single Driver,COURTNEY TYLAND SMITH,53' Trailer,,,23.10,mi,PER_TRIP,,,,FTIM_MKC_Solo1_Tractor_4_d2,FleetManagementEquipmentRepositioning,AZNG,,,,,No,,,MKC6,-6,11/07/2025,18:47,,,11/07/2025,19:18,,,,MCI9,-6,11/07/2025,19:59,,,11/07/2025,20:30,,,
B-Z081Q48HQ,T-113HRX9NF,Trip,Upcoming,116RPY7NF,MCI9->DMC3-CYC1,Not Started,Single Driver,COURTNEY TYLAND SMITH,53' Trailer,27142,,35.31,mi,PER_TRIP,,,,FTIM_MKC_Solo1_Tractor_4_d2,OutboundAMZL,AZNG,,,,,No,,,MCI9,-6,11/07/2025,20:00,,,11/07/2025,20:45,,,,DMC3,-6,11/07/2025,21:36,,,11/07/2025,22:07,,,
B-Z081Q48HQ,T-113HRX9NF,Trip,Upcoming,114KFVDLP,DMC3->MCI5,Not Started,Single Driver,COURTNEY TYLAND SMITH,53' Trailer,,,14.07,mi,PER_TRIP,,,,FTIM_MKC_Solo1_Tractor_4_d2,FleetManagementEquipmentRepositioning,AZNG,,,,,No,,,DMC3,-6,11/07/2025,21:37,,,11/07/2025,22:08,,,,MCI5,-6,11/07/2025,22:38,,,11/07/2025,23:09,,,
B-Z081Q48HQ,T-113HRX9NF,Trip,Upcoming,112TV1MT7,MCI5->DMC3-CYC1,Not Started,Single Driver,COURTNEY TYLAND SMITH,53' Trailer,,,13.91,mi,PER_TRIP,,,,FTIM_MKC_Solo1_Tractor_4_d2,OutboundAMZL,AZNG,,,,,No,,,MCI5,-6,11/07/2025,23:15,,,11/08/2025,00:00,,,,DMC3,-6,11/08/2025,00:29,,,11/08/2025,01:00,,,
B-Z081Q48HQ,T-113HRX9NF,Trip,Upcoming,11459YGHG,DMC3->MCI5,Not Started,Single Driver,COURTNEY TYLAND SMITH,53' Trailer,,,14.07,mi,PER_TRIP,,,,FTIM_MKC_Solo1_Tractor_4_d2,FleetManagementEquipmentRepositioning,AZNG,,,,,No,,,DMC3,-6,11/08/2025,00:30,,,11/08/2025,01:01,,,,MCI5,-6,11/08/2025,01:31,,,11/08/2025,02:02,,,
B-Z081Q48HQ,T-113HRX9NF,Trip,Upcoming,111267HW5,MCI5->MKC4,Not Started,Single Driver,COURTNEY TYLAND SMITH,53' Trailer,,,15.98,mi,PER_TRIP,,,,FTIM_MKC_Solo1_Tractor_4_d2,TransfersEmptyCarts,AZNG,RRO TEC-rro_run/rro_run-1762510552,,,,No,,,MCI5,-6,11/08/2025,01:32,,,11/08/2025,02:03,,,,MKC4,-6,11/08/2025,02:33,,,11/08/2025,03:33,,,
B-Z081Q48HQ,T-113HRX9NF,Trip,Upcoming,112TTX4V1,MKC4->MCI9-DAY,Not Started,Single Driver,COURTNEY TYLAND SMITH,53' Container,213413,,51.80,mi,PER_TRIP,,,,FTIM_MKC_Solo1_Tractor_4_d2,OutboundAmazonManaged,AZNU,,,,,No,,,MKC4,-6,11/08/2025,03:45,,,11/08/2025,04:30,,,,MCI9,-6,11/08/2025,05:36,,,11/08/2025,06:07,,,
B-Z081Q48HQ,T-113HRX9NF,Trip,Upcoming,114QT7PSG,MCI9->MKC6,Not Started,Single Driver,COURTNEY TYLAND SMITH,53' Container,,,23.01,mi,PER_TRIP,,,,FTIM_MKC_Solo1_Tractor_4_d2,FleetManagementEquipmentRepositioning,AZNU,,,,,No,,,MCI9,-6,11/08/2025,05:37,,,11/08/2025,06:08,,,,MKC6,-6,11/08/2025,06:49,,,11/08/2025,07:20,,,
B-Z081Q48HQ,T-113HRX9NF,Trip,Upcoming,112JB6LNW,MKC6->MKC40,Not Started,Single Driver,COURTNEY TYLAND SMITH,53' Container,,,1.69,mi,PER_TRIP,,,,FTIM_MKC_Solo1_Tractor_4_d2,StemLegBobTail,AZNU,,,,,No,,,MKC6,-6,11/08/2025,06:50,,,11/08/2025,06:51,,,,MKC40,-6,11/08/2025,07:09,,,11/08/2025,07:10,,,
B-DPZ284HNP,T-1153RWYG7,Trip,Upcoming,1118NTXV3,MKC40->FOE1,Not Started,Single Driver,Kwana Barber,53' Container,,,9.46,mi,PER_TRIP,495.17,USD,,FTIM_MKC_Solo1_Tractor_7_d2,StemLegBobTail,AZNU,,,,,No,,,MKC40,-6,11/07/2025,18:45,,,11/07/2025,18:46,,,,FOE1,-6,11/07/2025,19:00,,,11/07/2025,19:01,,,
B-DPZ284HNP,T-1153RWYG7,Trip,Upcoming,1159L9RML,FOE1->BNSF-LOGPARKAN-CS,Not Started,Single Driver,Kwana Barber,53' Container,219855,,34.55,mi,PER_TRIP,,,,FTIM_MKC_Solo1_Tractor_7_d2,TransfersInitialPlacement,AZNU,,,,,No,,,FOE1,-6,11/07/2025,19:01,,,11/07/2025,20:01,,,,BNSF-LOGPARKAN-CS,-6,11/07/2025,20:46,,,11/07/2025,21:17,,,
B-DPZ284HNP,T-1153RWYG7,Trip,Upcoming,115488H4M,BNSF-LOGPARKAN-CS->MKC6,Not Started,Single Driver,Kwana Barber,53' Container,243512,,36.76,mi,PER_TRIP,,,,FTIM_MKC_Solo1_Tractor_7_d2,TransfersInitialPlacement,AZNU,AZNU243512 - Pickup# 4 3 F F 6 8,,,,No,,,BNSF-LOGPARKAN-CS,-6,11/07/2025,20:47,,,11/07/2025,21:32,,,,MKC6,-6,11/07/2025,22:19,,,11/07/2025,22:59,,,
B-DPZ284HNP,T-1153RWYG7,Trip,Upcoming,116WJB3XW,MKC6->DOM3-CART-B,Not Started,Single Driver,Kwana Barber,53' Trailer,,,195.34,mi,PER_TRIP,,,,FTIM_MKC_Solo1_Tractor_7_d2,OutboundAMZL,AZNG,,,,,No,,,MKC6,-6,11/07/2025,22:29,,,11/07/2025,23:29,,,,DOM3,-6,11/08/2025,03:27,,,11/08/2025,03:58,,,
B-DPZ284HNP,T-1153RWYG7,Trip,Upcoming,1142KH79Q,DOM3->FOE1,Not Started,Single Driver,Kwana Barber,53' Trailer,,,188.27,mi,PER_TRIP,,,,FTIM_MKC_Solo1_Tractor_7_d2,FleetManagementEquipmentRepositioning,AZNG,,,,,No,,,DOM3,-6,11/08/2025,03:28,,,11/08/2025,03:59,,,,FOE1,-6,11/08/2025,07:55,,,11/08/2025,08:26,,,
B-DPZ284HNP,T-1153RWYG7,Trip,Upcoming,115GLQX6R,FOE1->MKC40,Not Started,Single Driver,Kwana Barber,53' Trailer,,,10.29,mi,PER_TRIP,,,,FTIM_MKC_Solo1_Tractor_7_d2,StemLegBobTail,AZNG,,,,,No,,,FOE1,-6,11/08/2025,07:56,,,11/08/2025,07:57,,,,MKC40,-6,11/08/2025,08:12,,,11/08/2025,08:13,,,
B-ZR7CQ0TR0,T-115C33PWT,Trip,Upcoming,1118J6Z9M,MKC40->MKC6,Not Started,Single Driver,Rahmatullah Sangar,53' Trailer,,,1.83,mi,PER_TRIP,495.17,USD,,FTIM_MKC_Solo1_Tractor_2_d2,StemLegBobTail,AZNG,,,,,No,,,MKC40,-6,11/07/2025,20:45,,,11/07/2025,20:46,,,,MKC6,-6,11/07/2025,21:00,,,11/07/2025,21:01,,,
B-ZR7CQ0TR0,T-115C33PWT,Trip,Upcoming,1124CFKGB,MKC6->VERITIV__66111_3509_450,Not Started,Single Driver,Rahmatullah Sangar,53' Trailer,,,9.52,mi,PER_TRIP,,,,FTIM_MKC_Solo1_Tractor_2_d2,CustomerFacingEmptyTrailer,AZNG,,,,,No,,,MKC6,-6,11/07/2025,21:01,,,11/07/2025,21:32,,,,VERITIV__66111_3509_450,-6,11/07/2025,21:59,,,11/07/2025,22:30,,,
B-ZR7CQ0TR0,T-115C33PWT,Trip,Upcoming,113R1914D,VERITIV__66111_3509_450->VERITIV_68117_2808_755,Not Started,Single Driver,Rahmatullah Sangar,53' Trailer,,,185.03,mi,PER_TRIP,,,,FTIM_MKC_Solo1_Tractor_2_d2,OBDedicatedExternalFreight,AZNG,,,,,No,,,VERITIV__66111_3509_450,-6,11/07/2025,22:00,,,11/07/2025,22:30,,,,VERITIV_68117_2808_755,-6,11/08/2025,02:30,,,11/08/2025,03:00,,,
B-ZR7CQ0TR0,T-115C33PWT,Trip,Upcoming,112H9WTBM,VERITIV_68117_2808_755->OMA2,Not Started,Single Driver,Rahmatullah Sangar,53' Trailer,,,13.11,mi,PER_TRIP,,,,FTIM_MKC_Solo1_Tractor_2_d2,FleetManagementEquipmentRepositioning,AZNG,,,,,No,,,VERITIV_68117_2808_755,-6,11/08/2025,03:00,,,11/08/2025,03:31,,,,OMA2,-6,11/08/2025,03:59,,,11/08/2025,04:30,,,
B-ZR7CQ0TR0,T-115C33PWT,Trip,Upcoming,112S6NBJ4,OMA2->KMCI-0430,Not Started,Single Driver,Rahmatullah Sangar,53' Trailer,,,170.45,mi,PER_TRIP,,,,FTIM_MKC_Solo1_Tractor_2_d2,OutboundAirShuttle,AZNG,,,,,No,,,OMA2,-6,11/08/2025,04:00,,,11/08/2025,05:00,,,,KMCI,-6,11/08/2025,08:21,,,11/08/2025,08:52,,,
B-ZR7CQ0TR0,T-115C33PWT,Trip,Upcoming,112GV4FN5,KMCI->MKC6,Not Started,Single Driver,Rahmatullah Sangar,53' Trailer,,,22.46,mi,PER_TRIP,,,,FTIM_MKC_Solo1_Tractor_2_d2,FleetManagementEquipmentRepositioning,AZNG,,,,,No,,,KMCI,-6,11/08/2025,08:22,,,11/08/2025,08:53,,,,MKC6,-6,11/08/2025,09:30,,,11/08/2025,10:01,,,
B-ZR7CQ0TR0,T-115C33PWT,Trip,Upcoming,115G728YK,MKC6->MKC40,Not Started,Single Driver,Rahmatullah Sangar,53' Trailer,,,1.69,mi,PER_TRIP,,,,FTIM_MKC_Solo1_Tractor_2_d2,StemLegBobTail,AZNG,,,,,No,,,MKC6,-6,11/08/2025,09:31,,,11/08/2025,09:32,,,,MKC40,-6,11/08/2025,09:50,,,11/08/2025,09:51,,,
B-5G4H7XQ64,T-1126ZZXXM,Trip,Upcoming,111RKSWZY,MKC40->FOE1,Not Started,Single Driver,Richard EUGENE Nelson,53' Container,,,9.46,mi,PER_TRIP,495.17,USD,,FTIM_MKC_Solo1_Tractor_5_d2,StemLegBobTail,AZNU,,,,,No,,,MKC40,-6,11/07/2025,21:45,,,11/07/2025,21:46,,,,FOE1,-6,11/07/2025,22:00,,,11/07/2025,22:01,,,
B-5G4H7XQ64,T-1126ZZXXM,Trip,Upcoming,111BYM2KX,FOE1->BNSF-LOGPARKAN-CS,Not Started,Single Driver,Richard EUGENE Nelson,53' Container,,,34.55,mi,PER_TRIP,,,,FTIM_MKC_Solo1_Tractor_5_d2,TransfersInitialPlacement,AZNU,,,,,No,,,FOE1,-6,11/07/2025,22:01,,,11/07/2025,23:01,,,,BNSF-LOGPARKAN-CS,-6,11/07/2025,23:46,,,11/08/2025,00:17,,,
B-5G4H7XQ64,T-1126ZZXXM,Trip,Upcoming,112YG59XS,BNSF-LOGPARKAN-CS->MKC6,Not Started,Single Driver,Richard EUGENE Nelson,53' Container,,,36.76,mi,PER_TRIP,,,,FTIM_MKC_Solo1_Tractor_5_d2,TransfersInitialPlacement,AZNU,AZNU201013 - Pickup# F A D A D 2,,,,No,,,BNSF-LOGPARKAN-CS,-6,11/08/2025,00:20,,,11/08/2025,01:05,,,,MKC6,-6,11/08/2025,01:52,,,11/08/2025,02:32,,,
B-5G4H7XQ64,T-1126ZZXXM,Trip,Upcoming,113F2JCDD,MKC6->DMC3-CART-B,Not Started,Single Driver,Richard EUGENE Nelson,53' Trailer,,,13.44,mi,PER_TRIP,,,,FTIM_MKC_Solo1_Tractor_5_d2,OutboundAMZL,AZNG,,,,,No,,,MKC6,-6,11/08/2025,03:30,,,11/08/2025,04:15,,,,DMC3,-6,11/08/2025,04:45,,,11/08/2025,05:16,,,
B-5G4H7XQ64,T-1126ZZXXM,Trip,Upcoming,115QC4WH2,DMC3->MCI5,Not Started,Single Driver,Richard EUGENE Nelson,53' Trailer,,,14.07,mi,PER_TRIP,,,,FTIM_MKC_Solo1_Tractor_5_d2,FleetManagementEquipmentRepositioning,AZNG,,,,,No,,,DMC3,-6,11/08/2025,04:46,,,11/08/2025,05:17,,,,MCI5,-6,11/08/2025,05:44,,,11/08/2025,06:15,,,
B-5G4H7XQ64,T-1126ZZXXM,Trip,Upcoming,114Q6CPT4,MCI5->DMC4-CYC1,Not Started,Single Driver,Richard EUGENE Nelson,53' Trailer,,,37.40,mi,PER_TRIP,,,,FTIM_MKC_Solo1_Tractor_5_d2,OutboundAMZL,AZNG,,,,,No,,,MCI5,-6,11/08/2025,05:45,,,11/08/2025,06:30,,,,DMC4,-6,11/08/2025,07:21,,,11/08/2025,07:52,,,
B-5G4H7XQ64,T-1126ZZXXM,Trip,Upcoming,112ZT4ZSD,DMC4->FOE1,Not Started,Single Driver,Richard EUGENE Nelson,53' Trailer,,,37.40,mi,PER_TRIP,,,,FTIM_MKC_Solo1_Tractor_5_d2,FleetManagementEquipmentRepositioning,AZNG,,,,,No,,,DMC4,-6,11/08/2025,07:22,,,11/08/2025,07:53,,,,FOE1,-6,11/08/2025,08:44,,,11/08/2025,09:15,,,
B-5G4H7XQ64,T-1126ZZXXM,Trip,Upcoming,1142NP6K9,FOE1->MKC40,Not Started,Single Driver,Richard EUGENE Nelson,53' Trailer,,,10.29,mi,PER_TRIP,,,,FTIM_MKC_Solo1_Tractor_5_d2,StemLegBobTail,AZNG,,,,,No,,,FOE1,-6,11/08/2025,08:45,,,11/08/2025,08:46,,,,MKC40,-6,11/08/2025,09:01,,,11/08/2025,09:02,,,
B-GR27W78C4,T-1169NF3Y4,Trip,Upcoming,113TM3P64,MKC40->MKC6,Not Started,Single Driver,Robert Charles; JR Dixon,53' Trailer,,,1.83,mi,PER_TRIP,495.17,USD,,FTIM_MKC_Solo1_Tractor_10_d2,StemLegBobTail,AZNG,,,,,No,,,MKC40,-6,11/07/2025,22:36,,,11/07/2025,22:37,,,,MKC6,-6,11/07/2025,22:51,,,11/07/2025,22:52,,,
B-GR27W78C4,T-1169NF3Y4,Trip,Upcoming,1143HCHN8,MKC6->STL8,Not Started,Single Driver,Robert Charles; JR Dixon,53' Trailer,,,233.86,mi,PER_TRIP,,,,FTIM_MKC_Solo1_Tractor_10_d2,FleetManagementEquipmentRepositioning,AZNG,,,,,No,,,MKC6,-6,11/07/2025,22:52,,,11/07/2025,23:23,,,,STL8,-6,11/08/2025,03:44,,,11/08/2025,04:15,,,
B-GR27W78C4,T-1169NF3Y4,Trip,Upcoming,114Y6L982,STL8->MKC6,Not Started,Single Driver,Robert Charles; JR Dixon,53' Container,,,234.16,mi,PER_TRIP,,,,FTIM_MKC_Solo1_Tractor_10_d2,TransfersReactive,AZNU,,,,,No,,,STL8,-6,11/08/2025,03:45,,,11/08/2025,04:30,,,,MKC6,-6,11/08/2025,09:06,,,11/08/2025,09:37,,,
B-GR27W78C4,T-1169NF3Y4,Trip,Upcoming,115V1712R,MKC6->MKC40,Not Started,Single Driver,Robert Charles; JR Dixon,53' Trailer,,,1.69,mi,PER_TRIP,,,,FTIM_MKC_Solo1_Tractor_10_d2,StemLegBobTail,AZNG,,,,,No,,,MKC6,-6,11/08/2025,09:07,,,11/08/2025,09:08,,,,MKC40,-6,11/08/2025,09:26,,,11/08/2025,09:27,,,
B-122J56ZX2,T-113QMGH5Y,Trip,Upcoming,112BJH1RG,MKC40->MKC4,Not Started,Single Driver,Adan Sandhool Sabriye,53' Trailer,,,31.12,mi,PER_TRIP,973.89,USD,,FTIM_MKC_Solo2_Tractor_2_d1,StemLegBobTail,AZNG,,,,,No,,,MKC40,-6,11/08/2025,00:05,,,11/08/2025,00:06,,,,MKC4,-6,11/08/2025,00:44,,,11/08/2025,00:45,,,
B-122J56ZX2,T-113QMGH5Y,Trip,Upcoming,112ZZHNZ7,MKC4->MDW5-TWI,Not Started,Single Driver,Adan Sandhool Sabriye,53' Trailer,V572280,,515.14,mi,PER_TRIP,,,,FTIM_MKC_Solo2_Tractor_2_d1,OutboundAmazonManaged,AZNG,,,,,No,,,MKC4,-6,11/08/2025,00:45,,,11/08/2025,01:30,,,,MDW5,-6,11/08/2025,11:30,,,11/08/2025,12:01,,,
B-122J56ZX2,T-113QMGH5Y,Trip,Upcoming,115DVH1Y7,MDW5->MDW4,Not Started,Single Driver,Adan Sandhool Sabriye,53' Trailer,,,9.08,mi,PER_TRIP,,,,FTIM_MKC_Solo2_Tractor_2_d1,FleetManagementEquipmentRepositioning,AZNG,,,,,No,,,MDW5,-6,11/08/2025,11:31,,,11/08/2025,12:02,,,,MDW4,-6,11/08/2025,23:00,,,11/08/2025,23:31,,,
B-122J56ZX2,T-113QMGH5Y,Trip,Upcoming,115QPDQQD,MDW4->MCI5-DAY,Not Started,Single Driver,Adan Sandhool Sabriye,53' Trailer,,,497.88,mi,PER_TRIP,,,,FTIM_MKC_Solo2_Tractor_2_d1,OutboundAmazonManaged,AZNG,,,,,No,,,MDW4,-6,11/08/2025,23:15,,,11/09/2025,00:00,,,,MCI5,-6,11/09/2025,09:39,,,11/09/2025,10:10,,,
B-122J56ZX2,T-113QMGH5Y,Trip,Upcoming,112VY8K5G,MCI5->MKC4,Not Started,Single Driver,Adan Sandhool Sabriye,53' Trailer,,,15.98,mi,PER_TRIP,,,,FTIM_MKC_Solo2_Tractor_2_d1,FleetManagementEquipmentRepositioning,AZNG,,,,,No,,,MCI5,-6,11/09/2025,09:40,,,11/09/2025,10:11,,,,MKC4,-6,11/09/2025,10:41,,,11/09/2025,11:12,,,
B-122J56ZX2,T-113QMGH5Y,Trip,Upcoming,114ZF433J,MKC4->MKC40,Not Started,Single Driver,Adan Sandhool Sabriye,53' Trailer,,,31.60,mi,PER_TRIP,,,,FTIM_MKC_Solo2_Tractor_2_d1,StemLegBobTail,AZNG,,,,,No,,,MKC4,-6,11/09/2025,10:42,,,11/09/2025,10:43,,,,MKC40,-6,11/09/2025,11:24,,,11/09/2025,11:25,,,
B-L81T17480,T-116RM1GG2,Trip,Upcoming,114MQLXD1,MKC40->MKC6,Not Started,Single Driver,Brian ALLAN Strickland,53' Trailer,,,1.83,mi,PER_TRIP,495.17,USD,,FTIM_MKC_Solo1_Tractor_8_d2,StemLegBobTail,AZNG,,,,,No,,,MKC40,-6,11/08/2025,00:45,,,11/08/2025,00:46,,,,MKC6,-6,11/08/2025,01:00,,,11/08/2025,01:01,,,
B-L81T17480,T-116RM1GG2,Trip,Upcoming,115PPBRRC,MKC6->DOM2-CART-B,Not Started,Single Driver,Brian ALLAN Strickland,53' Trailer,,,187.27,mi,PER_TRIP,,,,FTIM_MKC_Solo1_Tractor_8_d2,OutboundAMZL,AZNG,,,,,No,,,MKC6,-6,11/08/2025,01:15,,,11/08/2025,02:00,,,,DOM2,-6,11/08/2025,05:55,,,11/08/2025,06:26,,,
B-L81T17480,T-116RM1GG2,Trip,Upcoming,113DHLVH8,DOM2->MKC6,Not Started,Single Driver,Brian ALLAN Strickland,53' Trailer,,,186.99,mi,PER_TRIP,,,,FTIM_MKC_Solo1_Tractor_8_d2,FleetManagementEquipmentRepositioning,AZNG,,,,,No,,,DOM2,-6,11/08/2025,05:56,,,11/08/2025,06:27,,,,MKC6,-6,11/08/2025,10:03,,,11/08/2025,10:34,,,
B-L81T17480,T-116RM1GG2,Trip,Upcoming,1158V29FL,MKC6->MCI5-NIT,Not Started,Single Driver,Brian ALLAN Strickland,53' Trailer,V564100,,18.68,mi,PER_TRIP,,,,FTIM_MKC_Solo1_Tractor_8_d2,OutboundAmazonManaged,AZNG,,,,,No,,,MKC6,-6,11/08/2025,10:04,,,11/08/2025,10:49,,,,MCI5,-6,11/08/2025,11:24,,,11/08/2025,11:55,,,
B-L81T17480,T-116RM1GG2,Trip,Upcoming,112WKCCLN,MCI5->MKC6,Not Started,Single Driver,Brian ALLAN Strickland,53' Trailer,,,17.94,mi,PER_TRIP,,,,FTIM_MKC_Solo1_Tractor_8_d2,FleetManagementEquipmentRepositioning,AZNG,,,,,No,,,MCI5,-6,11/08/2025,11:25,,,11/08/2025,11:56,,,,MKC6,-6,11/08/2025,12:26,,,11/08/2025,12:57,,,
B-L81T17480,T-116RM1GG2,Trip,Upcoming,114PXLG7Q,MKC6->MKC40,Not Started,Single Driver,Brian ALLAN Strickland,53' Trailer,,,1.69,mi,PER_TRIP,,,,FTIM_MKC_Solo1_Tractor_8_d2,StemLegBobTail,AZNG,,,,,No,,,MKC6,-6,11/08/2025,12:27,,,11/08/2025,12:28,,,,MKC40,-6,11/08/2025,12:46,,,11/08/2025,12:47,,,
B-N0LD6XF44,T-115G61QCQ,Trip,Upcoming,1122SFXCL,MKC40->MKC6,Not Started,Single Driver,ABBAS AL-RAMAHI,53' Trailer,,,1.83,mi,PER_TRIP,495.17,USD,,FTIM_MKC_Solo1_Tractor_6_d2,StemLegBobTail,AZNG,,,,,No,,,MKC40,-6,11/08/2025,02:29,,,11/08/2025,02:30,,,,MKC6,-6,11/08/2025,02:44,,,11/08/2025,02:45,,,
B-N0LD6XF44,T-115G61QCQ,Trip,Upcoming,114P3KYJ6,MKC6->DLI3-CART-SAME-2,Not Started,Single Driver,ABBAS AL-RAMAHI,53' Trailer,,,11.92,mi,PER_TRIP,,,,FTIM_MKC_Solo1_Tractor_6_d2,OutboundAMZLSameDay,AZNG,,,,,No,,,MKC6,-6,11/08/2025,02:45,,,11/08/2025,03:30,,,,DLI3,-6,11/08/2025,03:50,,,11/08/2025,04:21,,,
B-N0LD6XF44,T-115G61QCQ,Trip,Upcoming,11144WGTD,DLI3->OMA2,Not Started,Single Driver,ABBAS AL-RAMAHI,53' Trailer,,,181.53,mi,PER_TRIP,,,,FTIM_MKC_Solo1_Tractor_6_d2,FleetManagementEquipmentRepositioning,AZNG,,,,,No,,,DLI3,-6,11/08/2025,03:51,,,11/08/2025,04:22,,,,OMA2,-6,11/08/2025,08:00,,,11/08/2025,08:31,,,
B-N0LD6XF44,T-115G61QCQ,Trip,Upcoming,111ZH1JK5,OMA2->SBD1-TOTE,Not Started,Single Driver,ABBAS AL-RAMAHI,53' Container,,,215.69,mi,PER_TRIP,,,,FTIM_MKC_Solo1_Tractor_6_d2,TransfersTote,AZNU,,,,,No,,,OMA2,-6,11/08/2025,08:01,,,11/08/2025,08:46,,,,BNSF-LOGPARKAN-TOT,-6,11/08/2025,13:02,,,11/08/2025,13:33,,,
B-N0LD6XF44,T-115G61QCQ,Trip,Upcoming,11692Y23J,BNSF-LOGPARKAN-TOT->MKC6,Not Started,Single Driver,ABBAS AL-RAMAHI,53' Trailer,,,36.76,mi,PER_TRIP,,,,FTIM_MKC_Solo1_Tractor_6_d2,BobtailMovementAnnotation,AZNG,,,,,No,,,BNSF-LOGPARKAN-TOT,-6,11/08/2025,13:03,,,11/08/2025,13:34,,,,MKC6,-6,11/08/2025,14:13,,,11/08/2025,14:44,,,
B-N0LD6XF44,T-115G61QCQ,Trip,Upcoming,1132W28K3,MKC6->MKC40,Not Started,Single Driver,ABBAS AL-RAMAHI,53' Trailer,,,1.69,mi,PER_TRIP,,,,FTIM_MKC_Solo1_Tractor_6_d2,StemLegBobTail,AZNG,,,,,No,,,MKC6,-6,11/08/2025,14:14,,,11/08/2025,14:15,,,,MKC40,-6,11/08/2025,14:33,,,11/08/2025,14:34,,,
B-5HG87SZGH,,Block,Upcoming,,LENEXA->LENEXA,,Single Driver,Firas IMAD Tahseen,53' Trailer,,,,,,495.17,USD,,FTIM_MKC_Solo1_Tractor_1_d2,,,,,,,No,,,KANSAS CITY,-6,11/08/2025,16:30,,,,,,,,KANSAS CITY,-6,,,,,11/09/2025,06:30,,,
B-SQ4RPQN2N,,Block,Upcoming,,LENEXA->LENEXA,,Single Driver,Tareef THAMER Mahdi,53' Trailer,,,,,,495.17,USD,,FTIM_MKC_Solo1_Tractor_9_d2,,,,,,,No,,,KANSAS CITY,-6,11/08/2025,16:30,,,,,,,,KANSAS CITY,-6,,,,,11/09/2025,06:30,,,
B-3XZCWP57L,,Block,Upcoming,,LENEXA->LENEXA,,Single Driver,COURTNEY TYLAND SMITH,53' Trailer,,,,,,495.17,USD,,FTIM_MKC_Solo1_Tractor_4_d2,,,,,,,No,,,KANSAS CITY,-6,11/08/2025,17:30,,,,,,,,KANSAS CITY,-6,,,,,11/09/2025,07:30,,,
B-5RSJDN5WB,,Block,Upcoming,,LENEXA->LENEXA,,Single Driver,Kwana Barber,53' Trailer,,,,,,495.17,USD,,FTIM_MKC_Solo1_Tractor_7_d2,,,,,,,No,,,KANSAS CITY,-6,11/08/2025,18:30,,,,,,,,KANSAS CITY,-6,,,,,11/09/2025,08:30,,,
B-Q1TFQK2FJ,,Block,Upcoming,,LENEXA->LENEXA,,Single Driver,Robert Charles; JR Dixon,53' Trailer,,,,,,495.17,USD,,FTIM_MKC_Solo1_Tractor_2_d2,,,,,,,No,,,KANSAS CITY,-6,11/08/2025,20:30,,,,,,,,KANSAS CITY,-6,,,,,11/09/2025,10:30,,,
B-LS1N36BHB,,Block,Upcoming,,LENEXA->LENEXA,,Single Driver,Raymond Jacinto Beeks,53' Trailer,,,,,,495.17,USD,,FTIM_MKC_Solo1_Tractor_10_d2,,,,,,,No,,,KANSAS CITY,-6,11/08/2025,20:30,,,,,,,,KANSAS CITY,-6,,,,,11/09/2025,10:30,,,
B-9BCZ4F3B5,,Block,Upcoming,,LENEXA->LENEXA,,Single Driver,Rahmatullah Sangar,53' Trailer,,,,,,495.17,USD,,FTIM_MKC_Solo1_Tractor_3_d2,,,,,,,No,,,KANSAS CITY,-6,11/08/2025,20:30,,,,,,,,KANSAS CITY,-6,,,,,11/09/2025,10:30,,,
B-PH9T1LPQ8,,Block,Upcoming,,LENEXA->LENEXA,,Single Driver,Joshua ALLEN Green,53' Trailer,,,,,,495.17,USD,,FTIM_MKC_Solo1_Tractor_5_d2,,,,,,,No,,,KANSAS CITY,-6,11/08/2025,21:30,,,,,,,,KANSAS CITY,-6,,,,,11/09/2025,11:30,,,
B-V05GK3HS2,,Block,Upcoming,,LENEXA->LENEXA,,Single Driver,Brian Worts,53' Trailer,,,,,,495.17,USD,,FTIM_MKC_Solo1_Tractor_8_d2,,,,,,,No,,,KANSAS CITY,-6,11/09/2025,00:30,,,,,,,,KANSAS CITY,-6,,,,,11/09/2025,14:30,,,
B-B6XVT5ZDQ,,Block,Upcoming,,LENEXA->LENEXA,,Single Driver,Richard Anthony Ewing niederhauser,53' Trailer,,,,,,495.17,USD,,FTIM_MKC_Solo1_Tractor_6_d2,,,,,,,No,,,KANSAS CITY,-6,11/09/2025,01:30,,,,,,,,KANSAS CITY,-6,,,,,11/09/2025,15:30,,,
B-X8QGCZLWS,,Block,Upcoming,,LENEXA->LENEXA,,Single Driver,,53' Trailer,,,,,,960.39,USD,,FTIM_MKC_Solo2_Tractor_4_d1,,,,,,,No,,,KANSAS CITY,-6,11/09/2025,08:30,,,,,,,,KANSAS CITY,-6,,,,,11/10/2025,22:30,,,
B-DCKW7TQQ6,,Block,Upcoming,,LENEXA->LENEXA,,Single Driver,,53' Trailer,,,,,,960.39,USD,,FTIM_MKC_Solo2_Tractor_6_d2,,,,,,,No,,,KANSAS CITY,-6,11/09/2025,11:30,,,,,,,,KANSAS CITY,-6,,,,,11/11/2025,01:30,,,
B-XRPWR1SWF,,Block,Upcoming,,LENEXA->LENEXA,,Single Driver,,53' Trailer,,,,,,960.39,USD,,FTIM_MKC_Solo2_Tractor_5_d1,,,,,,,No,,,KANSAS CITY,-6,11/09/2025,15:30,,,,,,,,KANSAS CITY,-6,,,,,11/11/2025,05:30,,,
B-NNZP7WX0N,,Block,Upcoming,,LENEXA->LENEXA,,Single Driver,,53' Trailer,,,,,,488.67,USD,,FTIM_MKC_Solo1_Tractor_1_d1,,,,,,,No,,,KANSAS CITY,-6,11/09/2025,16:30,,,,,,,,KANSAS CITY,-6,,,,,11/10/2025,06:30,,,
B-1JBN3FJVJ,,Block,Upcoming,,LENEXA->LENEXA,,Single Driver,,53' Trailer,,,,,,960.39,USD,,FTIM_MKC_Solo2_Tractor_7_d1,,,,,,,No,,,KANSAS CITY,-6,11/09/2025,16:30,,,,,,,,KANSAS CITY,-6,,,,,11/11/2025,06:30,,,
B-289127QHD,,Block,Upcoming,,LENEXA->LENEXA,,Single Driver,,53' Trailer,,,,,,488.67,USD,,FTIM_MKC_Solo1_Tractor_9_d1,,,,,,,No,,,KANSAS CITY,-6,11/09/2025,16:30,,,,,,,,KANSAS CITY,-6,,,,,11/10/2025,06:30,,,
B-BZ0428BMZ,,Block,Upcoming,,LENEXA->LENEXA,,Single Driver,,53' Trailer,,,,,,488.67,USD,,FTIM_MKC_Solo1_Tractor_4_d1,,,,,,,No,,,KANSAS CITY,-6,11/09/2025,17:30,,,,,,,,KANSAS CITY,-6,,,,,11/10/2025,07:30,,,
B-73JNQR755,,Block,Upcoming,,LENEXA->LENEXA,,Single Driver,,53' Trailer,,,,,,960.39,USD,,FTIM_MKC_Solo2_Tractor_1_d1,,,,,,,No,,,KANSAS CITY,-6,11/09/2025,18:30,,,,,,,,KANSAS CITY,-6,,,,,11/11/2025,08:30,,,
B-J9M0DG0GG,,Block,Upcoming,,LENEXA->LENEXA,,Single Driver,,53' Trailer,,,,,,488.67,USD,,FTIM_MKC_Solo1_Tractor_7_d1,,,,,,,No,,,KANSAS CITY,-6,11/09/2025,18:30,,,,,,,,KANSAS CITY,-6,,,,,11/10/2025,08:30,,,
B-6HV9GLLDG,,Block,Upcoming,,LENEXA->LENEXA,,Single Driver,,53' Trailer,,,,,,488.67,USD,,FTIM_MKC_Solo1_Tractor_3_d1,,,,,,,No,,,KANSAS CITY,-6,11/09/2025,20:30,,,,,,,,KANSAS CITY,-6,,,,,11/10/2025,10:30,,,
B-1Q4F4DCD5,,Block,Upcoming,,LENEXA->LENEXA,,Single Driver,,53' Trailer,,,,,,488.67,USD,,FTIM_MKC_Solo1_Tractor_10_d1,,,,,,,No,,,KANSAS CITY,-6,11/09/2025,20:30,,,,,,,,KANSAS CITY,-6,,,,,11/10/2025,10:30,,,
B-5PQV4G8TS,,Block,Upcoming,,LENEXA->LENEXA,,Single Driver,,53' Trailer,,,,,,960.39,USD,,FTIM_MKC_Solo2_Tractor_3_d1,,,,,,,No,,,KANSAS CITY,-6,11/09/2025,21:30,,,,,,,,KANSAS CITY,-6,,,,,11/11/2025,11:30,,,
B-5781P17SW,,Block,Upcoming,,LENEXA->LENEXA,,Single Driver,,53' Trailer,,,,,,488.67,USD,,FTIM_MKC_Solo1_Tractor_5_d1,,,,,,,No,,,KANSAS CITY,-6,11/09/2025,21:30,,,,,,,,KANSAS CITY,-6,,,,,11/10/2025,11:30,,,
B-R83BL25LT,,Block,Upcoming,,LENEXA->LENEXA,,Single Driver,,53' Trailer,,,,,,488.67,USD,,FTIM_MKC_Solo1_Tractor_8_d1,,,,,,,No,,,KANSAS CITY,-6,11/10/2025,00:30,,,,,,,,KANSAS CITY,-6,,,,,11/10/2025,14:30,,,
B-R5KV0FCF0,,Block,Upcoming,,LENEXA->LENEXA,,Single Driver,,53' Trailer,,,,,,488.67,USD,,FTIM_MKC_Solo1_Tractor_6_d1,,,,,,,No,,,KANSAS CITY,-6,11/10/2025,01:30,,,,,,,,KANSAS CITY,-6,,,,,11/10/2025,15:30,,,
B-VBCV9CWTL,,Block,Upcoming,,LENEXA->LENEXA,,Single Driver,,53' Trailer,,,,,,488.67,USD,,FTIM_MKC_Solo1_Tractor_1_d1,,,,,,,No,,,KANSAS CITY,-6,11/10/2025,16:30,,,,,,,,KANSAS CITY,-6,,,,,11/11/2025,06:30,,,
B-1NXLH46MK,,Block,Upcoming,,LENEXA->LENEXA,,Single Driver,,53' Trailer,,,,,,488.67,USD,,FTIM_MKC_Solo1_Tractor_9_d1,,,,,,,No,,,KANSAS CITY,-6,11/10/2025,16:30,,,,,,,,KANSAS CITY,-6,,,,,11/11/2025,06:30,,,
B-6CKDZ2XX9,,Block,Upcoming,,LENEXA->LENEXA,,Single Driver,,53' Trailer,,,,,,488.67,USD,,FTIM_MKC_Solo1_Tractor_4_d1,,,,,,,No,,,KANSAS CITY,-6,11/10/2025,17:30,,,,,,,,KANSAS CITY,-6,,,,,11/11/2025,07:30,,,
B-7QJLBR9XM,,Block,Upcoming,,LENEXA->LENEXA,,Single Driver,,53' Trailer,,,,,,488.67,USD,,FTIM_MKC_Solo1_Tractor_7_d1,,,,,,,No,,,KANSAS CITY,-6,11/10/2025,18:30,,,,,,,,KANSAS CITY,-6,,,,,11/11/2025,08:30,,,
B-DC0055JRL,,Block,Upcoming,,LENEXA->LENEXA,,Single Driver,,53' Trailer,,,,,,488.67,USD,,FTIM_MKC_Solo1_Tractor_3_d1,,,,,,,No,,,KANSAS CITY,-6,11/10/2025,20:30,,,,,,,,KANSAS CITY,-6,,,,,11/11/2025,10:30,,,
B-X992QWKTT,,Block,Upcoming,,LENEXA->LENEXA,,Single Driver,,53' Trailer,,,,,,488.67,USD,,FTIM_MKC_Solo1_Tractor_2_d1,,,,,,,No,,,KANSAS CITY,-6,11/10/2025,20:30,,,,,,,,KANSAS CITY,-6,,,,,11/11/2025,10:30,,,
B-SWW3QVQC7,,Block,Upcoming,,LENEXA->LENEXA,,Single Driver,,53' Trailer,,,,,,488.67,USD,,FTIM_MKC_Solo1_Tractor_10_d1,,,,,,,No,,,KANSAS CITY,-6,11/10/2025,20:30,,,,,,,,KANSAS CITY,-6,,,,,11/11/2025,10:30,,,
B-N88MPPVSS,,Block,Upcoming,,LENEXA->LENEXA,,Single Driver,,53' Trailer,,,,,,488.67,USD,,FTIM_MKC_Solo1_Tractor_5_d1,,,,,,,No,,,KANSAS CITY,-6,11/10/2025,21:30,,,,,,,,KANSAS CITY,-6,,,,,11/11/2025,11:30,,,
B-203NMLNVS,,Block,Upcoming,,LENEXA->LENEXA,,Single Driver,,53' Trailer,,,,,,960.39,USD,,FTIM_MKC_Solo2_Tractor_2_d2,,,,,,,No,,,KANSAS CITY,-6,11/10/2025,23:30,,,,,,,,KANSAS CITY,-6,,,,,11/12/2025,13:30,,,
B-RHRHMLNSL,,Block,Upcoming,,LENEXA->LENEXA,,Single Driver,,53' Trailer,,,,,,488.67,USD,,FTIM_MKC_Solo1_Tractor_8_d1,,,,,,,No,,,KANSAS CITY,-6,11/11/2025,00:30,,,,,,,,KANSAS CITY,-6,,,,,11/11/2025,14:30,,,
B-D74H592ST,,Block,Upcoming,,LENEXA->LENEXA,,Single Driver,,53' Trailer,,,,,,488.67,USD,,FTIM_MKC_Solo1_Tractor_6_d1,,,,,,,No,,,KANSAS CITY,-6,11/11/2025,01:30,,,,,,,,KANSAS CITY,-6,,,,,11/11/2025,15:30,,,
B-SZJ26PN2Z,,Block,Upcoming,,LENEXA->LENEXA,,Single Driver,,53' Trailer,,,,,,960.39,USD,,FTIM_MKC_Solo2_Tractor_4_d1,,,,,,,No,,,KANSAS CITY,-6,11/11/2025,08:30,,,,,,,,KANSAS CITY,-6,,,,,11/12/2025,22:30,,,
B-9HMQNSGHQ,,Block,Upcoming,,LENEXA->LENEXA,,Single Driver,,53' Trailer,,,,,,960.39,USD,,FTIM_MKC_Solo2_Tractor_6_d2,,,,,,,No,,,KANSAS CITY,-6,11/11/2025,11:30,,,,,,,,KANSAS CITY,-6,,,,,11/13/2025,01:30,,,
B-4CT90Q9DC,,Block,Upcoming,,LENEXA->LENEXA,,Single Driver,,53' Trailer,,,,,,960.39,USD,,FTIM_MKC_Solo2_Tractor_5_d1,,,,,,,No,,,KANSAS CITY,-6,11/11/2025,15:30,,,,,,,,KANSAS CITY,-6,,,,,11/13/2025,05:30,,,
B-FN4WXGZHW,,Block,Upcoming,,LENEXA->LENEXA,,Single Driver,,53' Trailer,,,,,,488.67,USD,,FTIM_MKC_Solo1_Tractor_1_d1,,,,,,,No,,,KANSAS CITY,-6,11/11/2025,16:30,,,,,,,,KANSAS CITY,-6,,,,,11/12/2025,06:30,,,
B-MVSKPTRP2,,Block,Upcoming,,LENEXA->LENEXA,,Single Driver,,53' Trailer,,,,,,488.67,USD,,FTIM_MKC_Solo1_Tractor_9_d1,,,,,,,No,,,KANSAS CITY,-6,11/11/2025,16:30,,,,,,,,KANSAS CITY,-6,,,,,11/12/2025,06:30,,,
B-4LSQZJD0J,,Block,Upcoming,,LENEXA->LENEXA,,Single Driver,,53' Trailer,,,,,,960.39,USD,,FTIM_MKC_Solo2_Tractor_7_d1,,,,,,,No,,,KANSAS CITY,-6,11/11/2025,16:30,,,,,,,,KANSAS CITY,-6,,,,,11/13/2025,06:30,,,
B-FDS2L57LK,,Block,Upcoming,,LENEXA->LENEXA,,Single Driver,,53' Trailer,,,,,,488.67,USD,,FTIM_MKC_Solo1_Tractor_4_d1,,,,,,,No,,,KANSAS CITY,-6,11/11/2025,17:30,,,,,,,,KANSAS CITY,-6,,,,,11/12/2025,07:30,,,
B-6B6HGCMPF,,Block,Upcoming,,LENEXA->LENEXA,,Single Driver,,53' Trailer,,,,,,488.67,USD,,FTIM_MKC_Solo1_Tractor_7_d1,,,,,,,No,,,KANSAS CITY,-6,11/11/2025,18:30,,,,,,,,KANSAS CITY,-6,,,,,11/12/2025,08:30,,,
B-WGXMX0W5N,,Block,Upcoming,,LENEXA->LENEXA,,Single Driver,,53' Trailer,,,,,,960.39,USD,,FTIM_MKC_Solo2_Tractor_1_d1,,,,,,,No,,,KANSAS CITY,-6,11/11/2025,18:30,,,,,,,,KANSAS CITY,-6,,,,,11/13/2025,08:30,,,
B-W757G95LR,,Block,Upcoming,,LENEXA->LENEXA,,Single Driver,,53' Trailer,,,,,,488.67,USD,,FTIM_MKC_Solo1_Tractor_3_d1,,,,,,,No,,,KANSAS CITY,-6,11/11/2025,20:30,,,,,,,,KANSAS CITY,-6,,,,,11/12/2025,10:30,,,
B-M0QHSD10L,,Block,Upcoming,,LENEXA->LENEXA,,Single Driver,,53' Trailer,,,,,,488.67,USD,,FTIM_MKC_Solo1_Tractor_2_d1,,,,,,,No,,,KANSAS CITY,-6,11/11/2025,20:30,,,,,,,,KANSAS CITY,-6,,,,,11/12/2025,10:30,,,
B-39R4D4WLB,,Block,Upcoming,,LENEXA->LENEXA,,Single Driver,,53' Trailer,,,,,,960.39,USD,,FTIM_MKC_Solo2_Tractor_3_d1,,,,,,,No,,,KANSAS CITY,-6,11/11/2025,21:30,,,,,,,,KANSAS CITY,-6,,,,,11/13/2025,11:30,,,
B-T2G81FN6K,,Block,Upcoming,,LENEXA->LENEXA,,Single Driver,,53' Trailer,,,,,,488.67,USD,,FTIM_MKC_Solo1_Tractor_5_d1,,,,,,,No,,,KANSAS CITY,-6,11/11/2025,21:30,,,,,,,,KANSAS CITY,-6,,,,,11/12/2025,11:30,,,
B-Q3SG9T1T8,,Block,Upcoming,,LENEXA->LENEXA,,Single Driver,,53' Trailer,,,,,,488.67,USD,,FTIM_MKC_Solo1_Tractor_8_d1,,,,,,,No,,,KANSAS CITY,-6,11/12/2025,00:30,,,,,,,,KANSAS CITY,-6,,,,,11/12/2025,14:30,,,
B-90Q9WWDVG,,Block,Upcoming,,LENEXA->LENEXA,,Single Driver,,53' Trailer,,,,,,488.67,USD,,FTIM_MKC_Solo1_Tractor_6_d1,,,,,,,No,,,KANSAS CITY,-6,11/12/2025,01:30,,,,,,,,KANSAS CITY,-6,,,,,11/12/2025,15:30,,,
B-VTK9SZBP8,,Block,Upcoming,,LENEXA->LENEXA,,Single Driver,,53' Trailer,,,,,,488.67,USD,,FTIM_MKC_Solo1_Tractor_1_d1,,,,,,,No,,,KANSAS CITY,-6,11/12/2025,16:30,,,,,,,,KANSAS CITY,-6,,,,,11/13/2025,06:30,,,
B-638R92S51,,Block,Upcoming,,LENEXA->LENEXA,,Single Driver,,53' Trailer,,,,,,488.67,USD,,FTIM_MKC_Solo1_Tractor_9_d1,,,,,,,No,,,KANSAS CITY,-6,11/12/2025,16:30,,,,,,,,KANSAS CITY,-6,,,,,11/13/2025,06:30,,,
B-2P33VDSSK,,Block,Upcoming,,LENEXA->LENEXA,,Single Driver,,53' Trailer,,,,,,488.67,USD,,FTIM_MKC_Solo1_Tractor_7_d1,,,,,,,No,,,KANSAS CITY,-6,11/12/2025,18:30,,,,,,,,KANSAS CITY,-6,,,,,11/13/2025,08:30,,,
B-4NTFJBR0K,,Block,Upcoming,,LENEXA->LENEXA,,Single Driver,,53' Trailer,,,,,,488.67,USD,,FTIM_MKC_Solo1_Tractor_2_d1,,,,,,,No,,,KANSAS CITY,-6,11/12/2025,20:30,,,,,,,,KANSAS CITY,-6,,,,,11/13/2025,10:30,,,
B-LFT2B4C9Z,,Block,Upcoming,,LENEXA->LENEXA,,Single Driver,,53' Trailer,,,,,,488.67,USD,,FTIM_MKC_Solo1_Tractor_3_d1,,,,,,,No,,,KANSAS CITY,-6,11/12/2025,20:30,,,,,,,,KANSAS CITY,-6,,,,,11/13/2025,10:30,,,
B-TB152MVSH,,Block,Upcoming,,LENEXA->LENEXA,,Single Driver,,53' Trailer,,,,,,488.67,USD,,FTIM_MKC_Solo1_Tractor_10_d1,,,,,,,No,,,KANSAS CITY,-6,11/12/2025,20:30,,,,,,,,KANSAS CITY,-6,,,,,11/13/2025,10:30,,,
B-3V4CNWHT6,,Block,Upcoming,,LENEXA->LENEXA,,Single Driver,,53' Trailer,,,,,,488.67,USD,,FTIM_MKC_Solo1_Tractor_5_d1,,,,,,,No,,,KANSAS CITY,-6,11/12/2025,21:30,,,,,,,,KANSAS CITY,-6,,,,,11/13/2025,11:30,,,
B-FVNHK9WP3,,Block,Upcoming,,LENEXA->LENEXA,,Single Driver,,53' Trailer,,,,,,960.39,USD,,FTIM_MKC_Solo2_Tractor_2_d2,,,,,,,No,,,KANSAS CITY,-6,11/12/2025,23:30,,,,,,,,KANSAS CITY,-6,,,,,11/14/2025,13:30,,,
B-ZPBG7F2W5,,Block,Upcoming,,LENEXA->LENEXA,,Single Driver,,53' Trailer,,,,,,488.67,USD,,FTIM_MKC_Solo1_Tractor_6_d1,,,,,,,No,,,KANSAS CITY,-6,11/13/2025,01:30,,,,,,,,KANSAS CITY,-6,,,,,11/13/2025,15:30,,,
B-XHM176KFJ,,Block,Upcoming,,LENEXA->LENEXA,,Single Driver,,53' Trailer,,,,,,972.93,USD,,FTIM_MKC_Solo2_Tractor_4_d2,,,,,,,No,,,KANSAS CITY,-6,11/13/2025,08:30,,,,,,,,KANSAS CITY,-6,,,,,11/14/2025,22:30,,,
B-TJ804856J,,Block,Upcoming,,LENEXA->LENEXA,,Single Driver,,53' Trailer,,,,,,972.93,USD,,FTIM_MKC_Solo2_Tractor_6_d1,,,,,,,No,,,KANSAS CITY,-6,11/13/2025,11:30,,,,,,,,KANSAS CITY,-6,,,,,11/15/2025,01:30,,,
B-3SWFW7HD6,,Block,Upcoming,,LENEXA->LENEXA,,Single Driver,,53' Trailer,,,,,,972.93,USD,,FTIM_MKC_Solo2_Tractor_5_d2,,,,,,,No,,,KANSAS CITY,-6,11/13/2025,15:30,,,,,,,,KANSAS CITY,-6,,,,,11/15/2025,05:30,,,
B-TTBRW2WGP,,Block,Upcoming,,LENEXA->LENEXA,,Single Driver,,53' Trailer,,,,,,488.67,USD,,FTIM_MKC_Solo1_Tractor_1_d2,,,,,,,No,,,KANSAS CITY,-6,11/13/2025,16:30,,,,,,,,KANSAS CITY,-6,,,,,11/14/2025,06:30,,,
B-DGKC64DSH,,Block,Upcoming,,LENEXA->LENEXA,,Single Driver,,53' Trailer,,,,,,972.93,USD,,FTIM_MKC_Solo2_Tractor_7_d2,,,,,,,No,,,KANSAS CITY,-6,11/13/2025,16:30,,,,,,,,KANSAS CITY,-6,,,,,11/15/2025,06:30,,,
B-V11R3819R,,Block,Upcoming,,LENEXA->LENEXA,,Single Driver,,53' Trailer,,,,,,488.67,USD,,FTIM_MKC_Solo1_Tractor_4_d2,,,,,,,No,,,KANSAS CITY,-6,11/13/2025,17:30,,,,,,,,KANSAS CITY,-6,,,,,11/14/2025,07:30,,,
B-X0DH868WJ,,Block,Upcoming,,LENEXA->LENEXA,,Single Driver,,53' Trailer,,,,,,972.93,USD,,FTIM_MKC_Solo2_Tractor_1_d2,,,,,,,No,,,KANSAS CITY,-6,11/13/2025,18:30,,,,,,,,KANSAS CITY,-6,,,,,11/15/2025,08:30,,,
B-Z74LDVFG9,,Block,Upcoming,,LENEXA->LENEXA,,Single Driver,,53' Trailer,,,,,,488.67,USD,,FTIM_MKC_Solo1_Tractor_7_d2,,,,,,,No,,,KANSAS CITY,-6,11/13/2025,18:30,,,,,,,,KANSAS CITY,-6,,,,,11/14/2025,08:30,,,
B-HDLS19PKT,,Block,Upcoming,,LENEXA->LENEXA,,Single Driver,,53' Trailer,,,,,,488.67,USD,,FTIM_MKC_Solo1_Tractor_2_d2,,,,,,,No,,,KANSAS CITY,-6,11/13/2025,20:30,,,,,,,,KANSAS CITY,-6,,,,,11/14/2025,10:30,,,
B-KBNZ30V85,,Block,Upcoming,,LENEXA->LENEXA,,Single Driver,,53' Trailer,,,,,,488.67,USD,,FTIM_MKC_Solo1_Tractor_10_d2,,,,,,,No,,,KANSAS CITY,-6,11/13/2025,20:30,,,,,,,,KANSAS CITY,-6,,,,,11/14/2025,10:30,,,
B-1QQH6GWZF,,Block,Upcoming,,LENEXA->LENEXA,,Single Driver,,53' Trailer,,,,,,488.67,USD,,FTIM_MKC_Solo1_Tractor_5_d2,,,,,,,No,,,KANSAS CITY,-6,11/13/2025,21:30,,,,,,,,KANSAS CITY,-6,,,,,11/14/2025,11:30,,,
B-VQP0V4WV5,,Block,Upcoming,,LENEXA->LENEXA,,Single Driver,,53' Trailer,,,,,,972.93,USD,,FTIM_MKC_Solo2_Tractor_3_d2,,,,,,,No,,,KANSAS CITY,-6,11/13/2025,21:30,,,,,,,,KANSAS CITY,-6,,,,,11/15/2025,11:30,,,
B-4DJ7GC72M,,Block,Upcoming,,LENEXA->LENEXA,,Single Driver,,53' Trailer,,,,,,488.67,USD,,FTIM_MKC_Solo1_Tractor_8_d2,,,,,,,No,,,KANSAS CITY,-6,11/14/2025,00:30,,,,,,,,KANSAS CITY,-6,,,,,11/14/2025,14:30,,,
B-MCD76K9RS,,Block,Upcoming,,LENEXA->LENEXA,,Single Driver,,53' Trailer,,,,,,488.67,USD,,FTIM_MKC_Solo1_Tractor_9_d2,,,,,,,No,,,KANSAS CITY,-6,11/14/2025,16:30,,,,,,,,KANSAS CITY,-6,,,,,11/15/2025,06:30,,,
B-PNZKRTP37,,Block,Upcoming,,LENEXA->LENEXA,,Single Driver,,53' Trailer,,,,,,488.67,USD,,FTIM_MKC_Solo1_Tractor_1_d2,,,,,,,No,,,KANSAS CITY,-6,11/14/2025,16:30,,,,,,,,KANSAS CITY,-6,,,,,11/15/2025,06:30,,,
B-LDKK2M6LJ,,Block,Upcoming,,LENEXA->LENEXA,,Single Driver,,53' Trailer,,,,,,488.67,USD,,FTIM_MKC_Solo1_Tractor_4_d2,,,,,,,No,,,KANSAS CITY,-6,11/14/2025,17:30,,,,,,,,KANSAS CITY,-6,,,,,11/15/2025,07:30,,,
B-8R1MVHM33,,Block,Upcoming,,LENEXA->LENEXA,,Single Driver,,53' Trailer,,,,,,488.67,USD,,FTIM_MKC_Solo1_Tractor_10_d2,,,,,,,No,,,KANSAS CITY,-6,11/14/2025,20:30,,,,,,,,KANSAS CITY,-6,,,,,11/15/2025,10:30,,,
B-11LZSXLXJ,,Block,Upcoming,,LENEXA->LENEXA,,Single Driver,,53' Trailer,,,,,,488.67,USD,,FTIM_MKC_Solo1_Tractor_2_d2,,,,,,,No,,,KANSAS CITY,-6,11/14/2025,20:30,,,,,,,,KANSAS CITY,-6,,,,,11/15/2025,10:30,,,
B-6W48HJ45J,,Block,Upcoming,,LENEXA->LENEXA,,Single Driver,,53' Trailer,,,,,,488.67,USD,,FTIM_MKC_Solo1_Tractor_3_d2,,,,,,,No,,,KANSAS CITY,-6,11/14/2025,20:30,,,,,,,,KANSAS CITY,-6,,,,,11/15/2025,10:30,,,
B-HG3P2DVTB,,Block,Upcoming,,LENEXA->LENEXA,,Single Driver,,53' Trailer,,,,,,488.67,USD,,FTIM_MKC_Solo1_Tractor_5_d2,,,,,,,No,,,KANSAS CITY,-6,11/14/2025,21:30,,,,,,,,KANSAS CITY,-6,,,,,11/15/2025,11:30,,,
B-SSSZWV7JP,,Block,Upcoming,,LENEXA->LENEXA,,Single Driver,,53' Trailer,,,,,,972.93,USD,,FTIM_MKC_Solo2_Tractor_2_d1,,,,,,,No,,,KANSAS CITY,-6,11/14/2025,23:30,,,,,,,,KANSAS CITY,-6,,,,,11/16/2025,13:30,,,
B-BFL28748D,,Block,Upcoming,,LENEXA->LENEXA,,Single Driver,,53' Trailer,,,,,,488.67,USD,,FTIM_MKC_Solo1_Tractor_8_d2,,,,,,,No,,,KANSAS CITY,-6,11/15/2025,00:30,,,,,,,,KANSAS CITY,-6,,,,,11/15/2025,14:30,,,
B-663HJ18KW,,Block,Upcoming,,LENEXA->LENEXA,,Single Driver,,53' Trailer,,,,,,488.67,USD,,FTIM_MKC_Solo1_Tractor_6_d2,,,,,,,No,,,KANSAS CITY,-6,11/15/2025,01:30,,,,,,,,KANSAS CITY,-6,,,,,11/15/2025,15:30,,,
B-BDMP1T4Z8,,Block,Upcoming,,LENEXA->LENEXA,,Single Driver,,53' Trailer,,,,,,1298.97,USD,,FTIM_MKC_Solo2_Tractor_4_d2,,,,,,,No,,,KANSAS CITY,-6,11/15/2025,08:30,,,,,,,,KANSAS CITY,-6,,,,,11/16/2025,22:30,,,
B-VFC4MR5R7,,Block,Upcoming,,LENEXA->LENEXA,,Single Driver,,53' Trailer,,,,,,1298.97,USD,,FTIM_MKC_Solo2_Tractor_6_d1,,,,,,,No,,,KANSAS CITY,-6,11/15/2025,11:30,,,,,,,,KANSAS CITY,-6,,,,,11/17/2025,01:30,,,
B-J0533RQWF,,Block,Upcoming,,LENEXA->LENEXA,,Single Driver,,53' Trailer,,,,,,1298.97,USD,,FTIM_MKC_Solo2_Tractor_5_d2,,,,,,,No,,,KANSAS CITY,-6,11/15/2025,15:30,,,,,,,,KANSAS CITY,-6,,,,,11/17/2025,05:30,,,
B-5MP9738HT,,Block,Upcoming,,LENEXA->LENEXA,,Single Driver,,53' Trailer,,,,,,1298.97,USD,,FTIM_MKC_Solo2_Tractor_7_d2,,,,,,,No,,,KANSAS CITY,-6,11/15/2025,16:30,,,,,,,,KANSAS CITY,-6,,,,,11/17/2025,06:30,,,
B-71GV7CDWL,,Block,Upcoming,,LENEXA->LENEXA,,Single Driver,,53' Trailer,,,,,,488.67,USD,,FTIM_MKC_Solo1_Tractor_9_d2,,,,,,,No,,,KANSAS CITY,-6,11/15/2025,16:30,,,,,,,,KANSAS CITY,-6,,,,,11/16/2025,06:30,,,
B-74DHPTK96,,Block,Upcoming,,LENEXA->LENEXA,,Single Driver,,53' Trailer,,,,,,488.67,USD,,FTIM_MKC_Solo1_Tractor_4_d2,,,,,,,No,,,KANSAS CITY,-6,11/15/2025,17:30,,,,,,,,KANSAS CITY,-6,,,,,11/16/2025,07:30,,,
B-LL9KTM005,,Block,Upcoming,,LENEXA->LENEXA,,Single Driver,,53' Trailer,,,,,,488.67,USD,,FTIM_MKC_Solo1_Tractor_7_d2,,,,,,,No,,,KANSAS CITY,-6,11/15/2025,18:30,,,,,,,,KANSAS CITY,-6,,,,,11/16/2025,08:30,,,
B-PHD5TJ99F,,Block,Upcoming,,LENEXA->LENEXA,,Single Driver,,53' Trailer,,,,,,1298.97,USD,,FTIM_MKC_Solo2_Tractor_1_d2,,,,,,,No,,,KANSAS CITY,-6,11/15/2025,18:30,,,,,,,,KANSAS CITY,-6,,,,,11/17/2025,08:30,,,
B-GQ0JJ87XH,,Block,Upcoming,,LENEXA->LENEXA,,Single Driver,,53' Trailer,,,,,,488.67,USD,,FTIM_MKC_Solo1_Tractor_2_d2,,,,,,,No,,,KANSAS CITY,-6,11/15/2025,20:30,,,,,,,,KANSAS CITY,-6,,,,,11/16/2025,10:30,,,
B-1JRFQ3B2Q,,Block,Upcoming,,LENEXA->LENEXA,,Single Driver,,53' Trailer,,,,,,488.67,USD,,FTIM_MKC_Solo1_Tractor_3_d2,,,,,,,No,,,KANSAS CITY,-6,11/15/2025,20:30,,,,,,,,KANSAS CITY,-6,,,,,11/16/2025,10:30,,,
B-3F0FX48QX,,Block,Upcoming,,LENEXA->LENEXA,,Single Driver,,53' Trailer,,,,,,488.67,USD,,FTIM_MKC_Solo1_Tractor_10_d2,,,,,,,No,,,KANSAS CITY,-6,11/15/2025,20:30,,,,,,,,KANSAS CITY,-6,,,,,11/16/2025,10:30,,,
B-13B6LB44Q,,Block,Upcoming,,LENEXA->LENEXA,,Single Driver,,53' Trailer,,,,,,1298.97,USD,,FTIM_MKC_Solo2_Tractor_3_d2,,,,,,,No,,,KANSAS CITY,-6,11/15/2025,21:30,,,,,,,,KANSAS CITY,-6,,,,,11/17/2025,11:30,,,
B-GNJG7MZWJ,,Block,Upcoming,,LENEXA->LENEXA,,Single Driver,,53' Trailer,,,,,,488.67,USD,,FTIM_MKC_Solo1_Tractor_8_d2,,,,,,,No,,,KANSAS CITY,-6,11/16/2025,00:30,,,,,,,,KANSAS CITY,-6,,,,,11/16/2025,14:30,,,
B-8FKG3XJG4,,Block,Upcoming,,LENEXA->LENEXA,,Single Driver,,53' Trailer,,,,,,488.67,USD,,FTIM_MKC_Solo1_Tractor_6_d2,,,,,,,No,,,KANSAS CITY,-6,11/16/2025,01:30,,,,,,,,KANSAS CITY,-6,,,,,11/16/2025,15:30,,,
